#,threshold,support,chunk_size,c_%,f_items,time
1,0.01,8,881,0.01,70,753.1280517578125
2,0.05,44,881,0.01,10,896.6329097747803
3,0.1,88,881,0.01,4,914.567232131958
