threshold,support,chunk_size,frequent_items,time
0.01,8,881,70,591.850757598877
0.01,44,4408,88,6806.984186172485
0.01,88,8816,85,17509.631395339966
