threshold,support,chunk_size,frequent_items,time
0.01,8,881,90,551.9590377807617
0.01,44,4408,94,6347.273826599121
0.01,88,8816,87,16116.348266601562
