threshold,support,chunk_size,frequent_items,time
0.01,8,881,90,549.3435859680176
0.01,44,4408,94,6379.981517791748
0.01,88,8816,87,16238.783359527588
