#,threshold,support,chunk_size,c_%,f_items,time
1,0.01,8,881,0.01,90,733.4282398223877
2,0.01,44,4408,0.05,94,8307.480096817017
3,0.01,88,8816,0.1,87,21282.413005828857
