#,threshold,support,chunk_size,c_%,f_items,time
1,0.01,8,881,0.01,90,788.975715637207
2,0.01,44,4408,0.05,94,9006.629943847656
3,0.01,88,8816,0.1,87,21707.15594291687
