#,threshold,support,chunk_size,c_%,f_items,time
1,0.01,8,881,0.01,70,775.0012874603271
2,0.05,44,881,0.01,10,897.6321220397949
3,0.1,88,881,0.01,4,902.7729034423828
