#,threshold,support,chunk_size,c_%,f_items,time
1,0.01,8,881,0.01,90,745.7022666931152
2,0.01,44,4408,0.05,94,8308.596849441528
3,0.01,88,8816,0.1,87,20903.108835220337
