threshold,support,chunk_size,frequent_items,time
0.01,8,881,90,539.71266746521
0.01,44,4408,94,6312.685251235962
0.01,88,8816,87,16022.981643676758
