#,threshold,support,chunk_size,c_%,f_items,time
1,0.01,8,881,0.01,90,757.957935333252
2,0.01,44,4408,0.05,94,8356.030941009521
3,0.01,88,8816,0.1,87,20893.42474937439
