#,threshold,support,chunk_size,c_%,f_items,time
1,0.01,8,881,0.01,70,135.94388961791992
2,0.01,44,4408,0.05,381,883.3777904510498
3,0.01,88,8816,0.1,614,2148.831844329834
