#,threshold,support,chunk_size,c_%,f_items,time
1,0.01,8,881,0.01,90,761.3680362701416
2,0.01,44,4408,0.05,94,8814.61787223816
3,0.01,88,8816,0.1,87,21899.55496788025
