#,threshold,support,chunk_size,c_%,f_items,time
1,0.01,8,881,0.01,90,759.3300342559814
2,0.01,44,4408,0.05,94,8715.087890625
3,0.01,88,8816,0.1,87,22478.697061538696
