threshold,support,chunk_size,frequent_items,time
0.01,8,881,90,561.0613822937012
0.01,44,4408,94,6334.291934967041
0.01,88,8816,87,16589.754104614258
0.01,176,17632,83,38178.04312705994
