#,threshold,support,chunk_size,c_%,f_items,time
1,0.1,88,881,0.01,5,113.55900764465332
2,0.1,440,4408,0.05,6,556.8041801452637
3,0.1,881,8816,0.1,7,1116.3108348846436
