#,threshold,support,chunk_size,c_%,f_items,time
1,0.01,8,881,0.01,90,755.979061126709
2,0.01,44,4408,0.05,94,9202.10313796997
3,0.01,88,8816,0.1,87,22186.395168304443
