#,threshold,support,chunk_size,c_%,f_items,time
1,0.01,8,881,0.01,90,732.8729629516602
2,0.01,44,4408,0.05,94,8510.13994216919
3,0.01,88,8816,0.1,87,20840.74592590332
