#,threshold,support,chunk_size,c_%,f_items,time
1,0.01,8,881,0.01,90,750.2288818359375
2,0.01,44,4408,0.05,94,8449.002027511597
3,0.01,88,8816,0.1,87,20917.264938354492
