#,threshold,support,chunk_size,c_%,f_items,time
1,0.01,8,881,0.01,90,725.1830101013184
2,0.01,44,4408,0.05,94,8301.11312866211
3,0.01,88,8816,0.1,87,24508.767127990723
