#,threshold,support,chunk_size,c_%,f_items,time
1,0.01,8,881,0.01,70,138.64398002624512
2,0.01,44,4408,0.05,381,921.043872833252
3,0.01,88,8816,0.1,614,2114.6860122680664
