#,threshold,support,chunk_size,c_%,f_items,time
1,0.01,8,881,0.01,90,740.0169372558594
2,0.01,44,4408,0.05,94,8442.568063735962
3,0.01,88,8816,0.1,87,21551.219940185547
