#,threshold,support,chunk_size,c_%,f_items,time
1,0.01,8,881,0.01,90,739.7260665893555
2,0.01,44,4408,0.05,94,8603.429079055786
3,0.01,88,8816,0.1,87,21412.00280189514
